{"spheres":[{"position":{"x":0.06800000369548798,"y":0.12300000339746475,"z":0.0}},{"position":{"x":0.0689999982714653,"y":-0.1080000028014183,"z":0.0}}],"cubes":[{"position":{"x":0.31700000166893008,"y":-0.024000000208616258,"z":-0.10599999874830246},"scale":{"x":0.07000000029802323,"y":0.07000000029802323,"z":0.07000000029802323}},{"position":{"x":-0.20999999344348908,"y":0.13500000536441804,"z":-0.07500000298023224},"scale":{"x":0.09999999403953552,"y":0.09999999403953552,"z":0.09999999403953552}}]}